mref;description;category;color;composition;sku;stock;size;image;price
102508P;Bermuda 1/2 Coxa;BERMUDA;Preto; 98,00% ALGODAO    2,00% ELASTANO;102508P-38-PRETO;12;38;102508PPRETO.jpg;R$ 25,00
102508P;Bermuda 1/2 Coxa;BERMUDA;Preto; 98,00% ALGODAO    2,00% ELASTANO;102508P-40-PRETO;19;40;102508PPRETO.jpg;R$ 25,00
102508P;Bermuda 1/2 Coxa;BERMUDA;Preto; 98,00% ALGODAO    2,00% ELASTANO;102508P-42-PRETO;3;42;102508PPRETO.jpg;R$ 25,00
102508P;Bermuda 1/2 Coxa;BERMUDA;Bege; 98,00% ALGODAO    2,00% ELASTANO;102508P-38-BEGE;4;38;102508PBEGE.jpg;R$ 25,00
102508P;Bermuda 1/2 Coxa;BERMUDA;Bege; 98,00% ALGODAO    2,00% ELASTANO;102508P-40-BEGE;14;40;102508PBEGE.jpg;R$ 25,00
102508P;Bermuda 1/2 Coxa;BERMUDA;Bege; 98,00% ALGODAO    2,00% ELASTANO;102508P-42-BEGE;10;42;102508PBEGE.jpg;R$ 25,00
75117;Bermuda;BERMUDA;Turquesa; 97,00% ALGODAO    3,00% ELASTANO;75117-38-TURQUESA;1;38;75117TURQUESA.jpg;R$ 25,00
75117;Bermuda;BERMUDA;Rosa; 97,00% ALGODAO    3,00% ELASTANO;75117-38-ROSA;2;38;75117ROSA.jpg;R$ 25,00
75121;Short Meia Coxa Sem Cos Com Ziper E Botão Invisivel, Com Estampas Sortidas;BERMUDA;Preto; 42,00% ALGODAO    3,00% ELASTANO   55,00% POLIESTER;75121-38-PRETO;2;38;75121PRETO.jpg;R$ 25,00
75121;Short Meia Coxa Sem Cos Com Ziper E Botão Invisivel, Com Estampas Sortidas;BERMUDA;Preto; 42,00% ALGODAO    3,00% ELASTANO   55,00% POLIESTER;75121-40-PRETO;8;40;75121PRETO.jpg;R$ 25,00
75121;Short Meia Coxa Sem Cos Com Ziper E Botão Invisivel, Com Estampas Sortidas;BERMUDA;Preto; 42,00% ALGODAO    3,00% ELASTANO   55,00% POLIESTER;75121-42-PRETO;5;42;75121PRETO.jpg;R$ 25,00
75121;Short Meia Coxa Sem Cos Com Ziper E Botão Invisivel, Com Estampas Sortidas;BERMUDA;Preto; 42,00% ALGODAO    3,00% ELASTANO   55,00% POLIESTER;75121-44-PRETO;5;44;75121PRETO.jpg;R$ 25,00
75121;Short Meia Coxa Sem Cos Com Ziper E Botão Invisivel, Com Estampas Sortidas;BERMUDA;Marinho; 42,00% ALGODAO    3,00% ELASTANO   55,00% POLIESTER;75121-42-MARINHO;2;42;75121MARINHO.jpg;R$ 25,00
75121;Short Meia Coxa Sem Cos Com Ziper E Botão Invisivel, Com Estampas Sortidas;BERMUDA;Marinho; 42,00% ALGODAO    3,00% ELASTANO   55,00% POLIESTER;75121-44-MARINHO;1;44;75121MARINHO.jpg;R$ 25,00
75121;Short Meia Coxa Sem Cos Com Ziper E Botão Invisivel, Com Estampas Sortidas;BERMUDA;Azul; 42,00% ALGODAO    3,00% ELASTANO   55,00% POLIESTER;75121-38-AZUL;5;38;75121AZUL.jpg;R$ 25,00
75121;Short Meia Coxa Sem Cos Com Ziper E Botão Invisivel, Com Estampas Sortidas;BERMUDA;Azul; 42,00% ALGODAO    3,00% ELASTANO   55,00% POLIESTER;75121-40-AZUL;2;40;75121AZUL.jpg;R$ 25,00
75121;Short Meia Coxa Sem Cos Com Ziper E Botão Invisivel, Com Estampas Sortidas;BERMUDA;Azul; 42,00% ALGODAO    3,00% ELASTANO   55,00% POLIESTER;75121-42-AZUL;4;42;75121AZUL.jpg;R$ 25,00
75121;Short Meia Coxa Sem Cos Com Ziper E Botão Invisivel, Com Estampas Sortidas;BERMUDA;Azul; 42,00% ALGODAO    3,00% ELASTANO   55,00% POLIESTER;75121-44-AZUL;1;44;75121AZUL.jpg;R$ 25,00
75121;Short Meia Coxa Sem Cos Com Ziper E Botão Invisivel, Com Estampas Sortidas;BERMUDA;Azul; 42,00% ALGODAO    3,00% ELASTANO   55,00% POLIESTER;75121-46-AZUL;1;46;75121AZUL.jpg;R$ 25,00
75121;Short Meia Coxa Sem Cos Com Ziper E Botão Invisivel, Com Estampas Sortidas;BERMUDA;Verde; 42,00% ALGODAO    3,00% ELASTANO   55,00% POLIESTER;75121-42-VERDE;1;42;75121VERDE.jpg;R$ 25,00
75121;Short Meia Coxa Sem Cos Com Ziper E Botão Invisivel, Com Estampas Sortidas;BERMUDA;Verde; 42,00% ALGODAO    3,00% ELASTANO   55,00% POLIESTER;75121-44-VERDE;1;44;75121VERDE.jpg;R$ 25,00
75121;Short Meia Coxa Sem Cos Com Ziper E Botão Invisivel, Com Estampas Sortidas;BERMUDA;Pink; 42,00% ALGODAO    3,00% ELASTANO   55,00% POLIESTER;75121-38-PINK;2;38;75121PINK.jpg;R$ 25,00
75121;Short Meia Coxa Sem Cos Com Ziper E Botão Invisivel, Com Estampas Sortidas;BERMUDA;Pink; 42,00% ALGODAO    3,00% ELASTANO   55,00% POLIESTER;75121-42-PINK;1;42;75121PINK.jpg;R$ 25,00
75128;Bermuda 1/2 Coxa;BERMUDA;Azul; 99,00% ALGODÃO    1,00% ELASTANO;75128-38-AZUL;1;38;75128AZUL.jpg;R$ 25,00
75128;Bermuda 1/2 Coxa;BERMUDA;Azul; 99,00% ALGODÃO    1,00% ELASTANO;75128-40-AZUL;12;40;75128AZUL.jpg;R$ 25,00
75128;Bermuda 1/2 Coxa;BERMUDA;Rosa; 99,00% ALGODÃO    1,00% ELASTANO;75128-38-ROSA;1;38;75128ROSA.jpg;R$ 25,00
75128;Bermuda 1/2 Coxa;BERMUDA;Rosa; 99,00% ALGODÃO    1,00% ELASTANO;75128-40-ROSA;13;40;75128ROSA.jpg;R$ 25,00
75128;Bermuda 1/2 Coxa;BERMUDA;Rosa; 99,00% ALGODÃO    1,00% ELASTANO;75128-42-ROSA;1;42;75128ROSA.jpg;R$ 25,00
75138;Short Estampas Sortidas;BERMUDA;Preto; 42,00% ALGODAO    3,00% ELASTANO   55,00% POLIESTER;75138-38-PRETO;6;38;75138PRETO.jpg;R$ 25,00
75143;Bermuda Barra Desfiada;BERMUDA;Laranja;  8,00% ELASTANO   92,00% POLIESTER;75143-44-LARANJA;7;44;75143LARANJA.jpg;R$ 25,00
75143;Bermuda Barra Desfiada;BERMUDA;Amarelo;  8,00% ELASTANO   92,00% POLIESTER;75143-38-AMARELO;20;38;75143AMARELO.jpg;R$ 25,00
75143;Bermuda Barra Desfiada;BERMUDA;Amarelo;  8,00% ELASTANO   92,00% POLIESTER;75143-42-AMARELO;63;42;75143AMARELO.jpg;R$ 25,00
75143;Bermuda Barra Desfiada;BERMUDA;Amarelo;  8,00% ELASTANO   92,00% POLIESTER;75143-44-AMARELO;61;44;75143AMARELO.jpg;R$ 25,00
75144;Bermuda;BERMUDA;Amarelo;  8,00% ELASTANO   92,00% POLIESTER;75144-38-AMARELO;27;38;75144AMARELO.jpg;R$ 25,00
75144;Bermuda;BERMUDA;Amarelo;  8,00% ELASTANO   92,00% POLIESTER;75144-40-AMARELO;16;40;75144AMARELO.jpg;R$ 25,00
75144;Bermuda;BERMUDA;Amarelo;  8,00% ELASTANO   92,00% POLIESTER;75144-42-AMARELO;11;42;75144AMARELO.jpg;R$ 25,00
75150;Bermuda Destroyed.;BERMUDA;Bordo;  3,00% ELASTANO   23,00% POLIAMIDA   74,00% VISCOSE;75150-38-BORDO;2;38;75150BORDO.jpg;R$ 25,00
75150;Bermuda Destroyed.;BERMUDA;Ameixa;  3,00% ELASTANO   23,00% POLIAMIDA   74,00% VISCOSE;75150-38-AMEIXA;7;38;75150AMEIXA.jpg;R$ 25,00
75150;Bermuda Destroyed.;BERMUDA;Ameixa;  3,00% ELASTANO   23,00% POLIAMIDA   74,00% VISCOSE;75150-40-AMEIXA;10;40;75150AMEIXA.jpg;R$ 25,00
75150;Bermuda Destroyed.;BERMUDA;Ameixa;  3,00% ELASTANO   23,00% POLIAMIDA   74,00% VISCOSE;75150-42-AMEIXA;3;42;75150AMEIXA.jpg;R$ 25,00
75150;Bermuda Destroyed.;BERMUDA;Azul Petroleo;  3,00% ELASTANO   23,00% POLIAMIDA   74,00% VISCOSE;75150-38-AZUL PETROLEO;12;38;75150AZUL PETROLEO.jpg;R$ 25,00
75150;Bermuda Destroyed.;BERMUDA;Turquesa;  3,00% ELASTANO   23,00% POLIAMIDA   74,00% VISCOSE;75150-38-TURQUESA;3;38;75150TURQUESA.jpg;R$ 25,00
75150;Bermuda Destroyed.;BERMUDA;Turquesa;  3,00% ELASTANO   23,00% POLIAMIDA   74,00% VISCOSE;75150-40-TURQUESA;1;40;75150TURQUESA.jpg;R$ 25,00
75150;Bermuda Destroyed.;BERMUDA;Marinho;  3,00% ELASTANO   23,00% POLIAMIDA   74,00% VISCOSE;75150-40-MARINHO;1;40;75150MARINHO.jpg;R$ 25,00
75150;Bermuda Destroyed.;BERMUDA;Amarelo;  3,00% ELASTANO   23,00% POLIAMIDA   74,00% VISCOSE;75150-38-AMARELO;2;38;75150AMARELO.jpg;R$ 25,00
75150;Bermuda Destroyed.;BERMUDA;Coral;  3,00% ELASTANO   23,00% POLIAMIDA   74,00% VISCOSE;75150-38-CORAL;1;38;75150CORAL.jpg;R$ 25,00
74107;Calça;CALCA;Branco; 12,00% ELASTANO   88,00% POLIESTER;74107-40-BRANCO;4;40;74107BRANCO.jpg;R$ 25,00
74107;Calça;CALCA;Branco; 12,00% ELASTANO   88,00% POLIESTER;74107-42-BRANCO;3;42;74107BRANCO.jpg;R$ 25,00
74107;Calça;CALCA;Branco; 12,00% ELASTANO   88,00% POLIESTER;74107-44-BRANCO;3;44;74107BRANCO.jpg;R$ 25,00
74107;Calça;CALCA;Branco; 12,00% ELASTANO   88,00% POLIESTER;74107-46-BRANCO;3;46;74107BRANCO.jpg;R$ 25,00
74107;Calça;CALCA;Branco; 12,00% ELASTANO   88,00% POLIESTER;74107-48-BRANCO;4;48;74107BRANCO.jpg;R$ 25,00
74122;Calça Alfaiataria;CALCA;Preto;100,00% ALGODAO;74122-38-PRETO;4;38;74122PRETO.jpg;R$ 25,00
74122;Calça Alfaiataria;CALCA;Azul;100,00% ALGODAO;74122-36-AZUL;5;36;74122AZUL.jpg;R$ 25,00
74122;Calça Alfaiataria;CALCA;Azul;100,00% ALGODAO;74122-38-AZUL;7;38;74122AZUL.jpg;R$ 25,00
74122;Calça Alfaiataria;CALCA;Azul;100,00% ALGODAO;74122-40-AZUL;3;40;74122AZUL.jpg;R$ 25,00
84120;Calça Bengaline;CALCA;Preto;  3,00% ELASTANO   23,00% POLIAMIDA   74,00% VISCOSE;84120-34-PRETO;1;34;84120PRETO.jpg;R$ 25,00
84120;Calça Bengaline;CALCA;Preto;  3,00% ELASTANO   23,00% POLIAMIDA   74,00% VISCOSE;84120-36-PRETO;4;36;84120PRETO.jpg;R$ 25,00
84120;Calça Bengaline;CALCA;Marinho;  3,00% ELASTANO   23,00% POLIAMIDA   74,00% VISCOSE;84120-36-MARINHO;4;36;84120MARINHO.jpg;R$ 25,00
84120;Calça Bengaline;CALCA;Marinho;  3,00% ELASTANO   23,00% POLIAMIDA   74,00% VISCOSE;84120-38-MARINHO;5;38;84120MARINHO.jpg;R$ 25,00
84120;Calça Bengaline;CALCA;Nude;  3,00% ELASTANO   23,00% POLIAMIDA   74,00% VISCOSE;84120-36-NUDE;1;36;84120NUDE.jpg;R$ 25,00
84120;Calça Bengaline;CALCA;Telha;  3,00% ELASTANO   23,00% POLIAMIDA   74,00% VISCOSE;84120-34-TELHA;2;34;84120TELHA.jpg;R$ 25,00
77101;Camisa;CAMISA;Rose; 53,00% ALGODAO    4,00% ELASTANO   43,00% POLIAMIDA;77101-P-ROSE;12;P;77101ROSE.jpg;R$ 25,00
77101;Camisa;CAMISA;Rose; 53,00% ALGODAO    4,00% ELASTANO   43,00% POLIAMIDA;77101-M-ROSE;19;M;77101ROSE.jpg;R$ 25,00
77101;Camisa;CAMISA;Rose; 53,00% ALGODAO    4,00% ELASTANO   43,00% POLIAMIDA;77101-G-ROSE;28;G;77101ROSE.jpg;R$ 25,00
77101;Camisa;CAMISA;Rose; 53,00% ALGODAO    4,00% ELASTANO   43,00% POLIAMIDA;77101-GG-ROSE;13;GG;77101ROSE.jpg;R$ 25,00
77101;Camisa;CAMISA;Rose; 53,00% ALGODAO    4,00% ELASTANO   43,00% POLIAMIDA;77101-EG-ROSE;3;EG;77101ROSE.jpg;R$ 25,00
77101;Camisa;CAMISA;Rosa Queimado; 53,00% ALGODAO    4,00% ELASTANO   43,00% POLIAMIDA;77101-P-ROSA QUEIMADO;8;P;77101ROSA QUEIMADO.jpg;R$ 25,00
77101;Camisa;CAMISA;Rosa Queimado; 53,00% ALGODAO    4,00% ELASTANO   43,00% POLIAMIDA;77101-M-ROSA QUEIMADO;28;M;77101ROSA QUEIMADO.jpg;R$ 25,00
77101;Camisa;CAMISA;Rosa Queimado; 53,00% ALGODAO    4,00% ELASTANO   43,00% POLIAMIDA;77101-G-ROSA QUEIMADO;27;G;77101ROSA QUEIMADO.jpg;R$ 25,00
77101;Camisa;CAMISA;Rosa Queimado; 53,00% ALGODAO    4,00% ELASTANO   43,00% POLIAMIDA;77101-GG-ROSA QUEIMADO;1;GG;77101ROSA QUEIMADO.jpg;R$ 25,00
77101;Camisa;CAMISA;Rosa Queimado; 53,00% ALGODAO    4,00% ELASTANO   43,00% POLIAMIDA;77101-EX-ROSA QUEIMADO;2;EX;77101ROSA QUEIMADO.jpg;R$ 25,00
77102;Camisa;CAMISA;Bege;100,00% ALGODÃO;77102-M-BEGE;3;M;77102BEGE.jpg;R$ 25,00
77102;Camisa;CAMISA;Bege;100,00% ALGODÃO;77102-G-BEGE;12;G;77102BEGE.jpg;R$ 25,00
77102;Camisa;CAMISA;Bege;100,00% ALGODÃO;77102-GG-BEGE;4;GG;77102BEGE.jpg;R$ 25,00
77102;Camisa;CAMISA;Bege;100,00% ALGODÃO;77102-EG-BEGE;3;EG;77102BEGE.jpg;R$ 25,00
77102;Camisa;CAMISA;Vermelho;100,00% ALGODÃO;77102-P-VERMELHO;19;P;77102VERMELHO.jpg;R$ 25,00
77102;Camisa;CAMISA;Vermelho;100,00% ALGODÃO;77102-M-VERMELHO;36;M;77102VERMELHO.jpg;R$ 25,00
77102;Camisa;CAMISA;Vermelho;100,00% ALGODÃO;77102-G-VERMELHO;36;G;77102VERMELHO.jpg;R$ 25,00
77102;Camisa;CAMISA;Vermelho;100,00% ALGODÃO;77102-GG-VERMELHO;12;GG;77102VERMELHO.jpg;R$ 25,00
77102;Camisa;CAMISA;Vermelho;100,00% ALGODÃO;77102-EG-VERMELHO;3;EG;77102VERMELHO.jpg;R$ 25,00
77102;Camisa;CAMISA;Azul;100,00% ALGODÃO;77102-M-AZUL;1;M;77102AZUL.jpg;R$ 25,00
77102;Camisa;CAMISA;Verde;100,00% ALGODÃO;77102-P-VERDE;6;P;77102VERDE.jpg;R$ 25,00
77102;Camisa;CAMISA;Verde;100,00% ALGODÃO;77102-M-VERDE;8;M;77102VERDE.jpg;R$ 25,00
77102;Camisa;CAMISA;Verde;100,00% ALGODÃO;77102-G-VERDE;4;G;77102VERDE.jpg;R$ 25,00
77104;Camisa;CAMISA;Cereja; 65,00% ALGODAO    3,00% ELASTANO   32,00% POLIAMIDA;77104-M-CEREJA;5;M;77104CEREJA.jpg;R$ 25,00
77104;Camisa;CAMISA;Cereja; 65,00% ALGODAO    3,00% ELASTANO   32,00% POLIAMIDA;77104-G-CEREJA;5;G;77104CEREJA.jpg;R$ 25,00
77104;Camisa;CAMISA;Marinho; 65,00% ALGODAO    3,00% ELASTANO   32,00% POLIAMIDA;77104-P-MARINHO;2;P;77104MARINHO.jpg;R$ 25,00
77104;Camisa;CAMISA;Azul; 65,00% ALGODAO    3,00% ELASTANO   32,00% POLIAMIDA;77104-P-AZUL;8;P;77104AZUL.jpg;R$ 25,00
77104;Camisa;CAMISA;Azul; 65,00% ALGODAO    3,00% ELASTANO   32,00% POLIAMIDA;77104-M-AZUL;8;M;77104AZUL.jpg;R$ 25,00
77105;Camisa Abertura Costa;CAMISA;Preto;100,00% ALGODAO;77105-M-PRETO;1;M;77105PRETO.jpg;R$ 25,00
77105;Camisa Abertura Costa;CAMISA;Preto;100,00% ALGODAO;77105-EG-PRETO;1;EG;77105PRETO.jpg;R$ 25,00
77105;Camisa Abertura Costa;CAMISA;Preto;100,00% ALGODAO;77105-EX-PRETO;5;EX;77105PRETO.jpg;R$ 25,00
77105;Camisa Abertura Costa;CAMISA;Azul;100,00% ALGODAO;77105-P-AZUL;2;P;77105AZUL.jpg;R$ 25,00
77105;Camisa Abertura Costa;CAMISA;Azul;100,00% ALGODAO;77105-M-AZUL;10;M;77105AZUL.jpg;R$ 25,00
77105;Camisa Abertura Costa;CAMISA;Azul;100,00% ALGODAO;77105-G-AZUL;13;G;77105AZUL.jpg;R$ 25,00
77105;Camisa Abertura Costa;CAMISA;Azul;100,00% ALGODAO;77105-GG-AZUL;19;GG;77105AZUL.jpg;R$ 25,00
77105;Camisa Abertura Costa;CAMISA;Azul;100,00% ALGODAO;77105-EG-AZUL;9;EG;77105AZUL.jpg;R$ 25,00
77105;Camisa Abertura Costa;CAMISA;Azul;100,00% ALGODAO;77105-EX-AZUL;12;EX;77105AZUL.jpg;R$ 25,00
77108;Camisa Mg Curta;CAMISA;Azul; 65,00% ALGODAO    3,00% ELASTANO   32,00% POLIAMIDA;77108-M-AZUL;5;M;77108AZUL.jpg;R$ 25,00
77108;Camisa Mg Curta;CAMISA;Azul; 65,00% ALGODAO    3,00% ELASTANO   32,00% POLIAMIDA;77108-GG-AZUL;1;GG;77108AZUL.jpg;R$ 25,00
77108;Camisa Mg Curta;CAMISA;Rosa; 65,00% ALGODAO    3,00% ELASTANO   32,00% POLIAMIDA;77108-P-ROSA;2;P;77108ROSA.jpg;R$ 25,00
77108;Camisa Mg Curta;CAMISA;Rosa; 65,00% ALGODAO    3,00% ELASTANO   32,00% POLIAMIDA;77108-M-ROSA;7;M;77108ROSA.jpg;R$ 25,00
77108;Camisa Mg Curta;CAMISA;Rosa; 65,00% ALGODAO    3,00% ELASTANO   32,00% POLIAMIDA;77108-G-ROSA;5;G;77108ROSA.jpg;R$ 25,00
77109;Camisa;CAMISA;Chiclete;100,00% POLIESTER;77109-P-CHICLETE;15;P;77109CHICLETE.jpg;R$ 25,00
77109;Camisa;CAMISA;Chiclete;100,00% POLIESTER;77109-M-CHICLETE;11;M;77109CHICLETE.jpg;R$ 25,00
77109;Camisa;CAMISA;Chiclete;100,00% POLIESTER;77109-G-CHICLETE;4;G;77109CHICLETE.jpg;R$ 25,00
77109;Camisa;CAMISA;Chiclete;100,00% POLIESTER;77109-EG-CHICLETE;1;EG;77109CHICLETE.jpg;R$ 25,00
77109;Camisa;CAMISA;Azul;100,00% POLIESTER;77109-P-AZUL;29;P;77109AZUL.jpg;R$ 25,00
77109;Camisa;CAMISA;Azul;100,00% POLIESTER;77109-M-AZUL;36;M;77109AZUL.jpg;R$ 25,00
77109;Camisa;CAMISA;Azul;100,00% POLIESTER;77109-G-AZUL;13;G;77109AZUL.jpg;R$ 25,00
77109;Camisa;CAMISA;Pink;100,00% POLIESTER;77109-PP-PINK;4;PP;77109PINK.jpg;R$ 25,00
77109;Camisa;CAMISA;Pink;100,00% POLIESTER;77109-P-PINK;9;P;77109PINK.jpg;R$ 25,00
77109;Camisa;CAMISA;Pink;100,00% POLIESTER;77109-M-PINK;19;M;77109PINK.jpg;R$ 25,00
77109;Camisa;CAMISA;Pink;100,00% POLIESTER;77109-G-PINK;9;G;77109PINK.jpg;R$ 25,00
77109;Camisa;CAMISA;Pink;100,00% POLIESTER;77109-GG-PINK;2;GG;77109PINK.jpg;R$ 25,00
77109;Camisa;CAMISA;Amarelo;100,00% POLIESTER;77109-P-AMARELO;16;P;77109AMARELO.jpg;R$ 25,00
77109;Camisa;CAMISA;Amarelo;100,00% POLIESTER;77109-M-AMARELO;14;M;77109AMARELO.jpg;R$ 25,00
77109;Camisa;CAMISA;Amarelo;100,00% POLIESTER;77109-GG-AMARELO;2;GG;77109AMARELO.jpg;R$ 25,00
77112;Camisa;CAMISA;Azul;100,00% ALGODAO;77112-P-AZUL;6;P;77112AZUL.jpg;R$ 25,00
77112;Camisa;CAMISA;Verde;100,00% ALGODAO;77112-P-VERDE;7;P;77112VERDE.jpg;R$ 25,00
77113;Camisa;CAMISA;Verde;100,00% ALGODAO;77113-P-VERDE;20;P;77113VERDE.jpg;R$ 25,00
77113;Camisa;CAMISA;Verde;100,00% ALGODAO;77113-M-VERDE;10;M;77113VERDE.jpg;R$ 25,00
77113;Camisa;CAMISA;Verde;100,00% ALGODAO;77113-G-VERDE;4;G;77113VERDE.jpg;R$ 25,00
77114;Camisa;CAMISA;Preto; 45,00% ALGODAO    4,00% ELASTANO   51,00% POLIESTER;77114-P-PRETO;1;P;77114PRETO.jpg;R$ 25,00
77114;Camisa;CAMISA;Bege; 45,00% ALGODAO    4,00% ELASTANO   51,00% POLIESTER;77114-P-BEGE;8;P;77114BEGE.jpg;R$ 25,00
77114;Camisa;CAMISA;Bege; 45,00% ALGODAO    4,00% ELASTANO   51,00% POLIESTER;77114-M-BEGE;22;M;77114BEGE.jpg;R$ 25,00
77114;Camisa;CAMISA;Bege; 45,00% ALGODAO    4,00% ELASTANO   51,00% POLIESTER;77114-G-BEGE;2;G;77114BEGE.jpg;R$ 25,00
77114;Camisa;CAMISA;Rosa; 45,00% ALGODAO    4,00% ELASTANO   51,00% POLIESTER;77114-P-ROSA;7;P;77114ROSA.jpg;R$ 25,00
77114;Camisa;CAMISA;Rosa; 45,00% ALGODAO    4,00% ELASTANO   51,00% POLIESTER;77114-M-ROSA;8;M;77114ROSA.jpg;R$ 25,00
77114;Camisa;CAMISA;Rosa; 45,00% ALGODAO    4,00% ELASTANO   51,00% POLIESTER;77114-G-ROSA;10;G;77114ROSA.jpg;R$ 25,00
77114;Camisa;CAMISA;Lilas; 45,00% ALGODAO    4,00% ELASTANO   51,00% POLIESTER;77114-P-LILAS;6;P;77114LILAS.jpg;R$ 25,00
77114;Camisa;CAMISA;Lilas; 45,00% ALGODAO    4,00% ELASTANO   51,00% POLIESTER;77114-M-LILAS;15;M;77114LILAS.jpg;R$ 25,00
77114;Camisa;CAMISA;Lilas; 45,00% ALGODAO    4,00% ELASTANO   51,00% POLIESTER;77114-G-LILAS;15;G;77114LILAS.jpg;R$ 25,00
77114;Camisa;CAMISA;Lilas; 45,00% ALGODAO    4,00% ELASTANO   51,00% POLIESTER;77114-GG-LILAS;3;GG;77114LILAS.jpg;R$ 25,00
77114;Camisa;CAMISA;Lilas; 45,00% ALGODAO    4,00% ELASTANO   51,00% POLIESTER;77114-EG-LILAS;1;EG;77114LILAS.jpg;R$ 25,00
77116;Camisa Mg Curta;CAMISA;Branco;100,00% ALGODAO;77116-P-BRANCO;3;P;77116BRANCO.jpg;R$ 25,00
77116;Camisa Mg Curta;CAMISA;Branco;100,00% ALGODAO;77116-M-BRANCO;4;M;77116BRANCO.jpg;R$ 25,00
77116;Camisa Mg Curta;CAMISA;Branco;100,00% ALGODAO;77116-G-BRANCO;2;G;77116BRANCO.jpg;R$ 25,00
77116;Camisa Mg Curta;CAMISA;Branco;100,00% ALGODAO;77116-GG-BRANCO;3;GG;77116BRANCO.jpg;R$ 25,00
77116;Camisa Mg Curta;CAMISA;Branco;100,00% ALGODAO;77116-EG-BRANCO;1;EG;77116BRANCO.jpg;R$ 25,00
77116;Camisa Mg Curta;CAMISA;Rosa;100,00% ALGODAO;77116-P-ROSA;1;P;77116ROSA.jpg;R$ 25,00
77123;Camisa Manga  Curta;CAMISA;Preto; 45,00% ALGODAO    4,00% ELASTANO   51,00% POLIESTER;77123-P-PRETO;10;P;77123PRETO.jpg;R$ 25,00
77123;Camisa Manga  Curta;CAMISA;Preto; 45,00% ALGODAO    4,00% ELASTANO   51,00% POLIESTER;77123-M-PRETO;34;M;77123PRETO.jpg;R$ 25,00
77123;Camisa Manga  Curta;CAMISA;Preto; 45,00% ALGODAO    4,00% ELASTANO   51,00% POLIESTER;77123-G-PRETO;17;G;77123PRETO.jpg;R$ 25,00
77123;Camisa Manga  Curta;CAMISA;Rosa; 45,00% ALGODAO    4,00% ELASTANO   51,00% POLIESTER;77123-M-ROSA;1;M;77123ROSA.jpg;R$ 25,00
77123;Camisa Manga  Curta;CAMISA;Lilas; 45,00% ALGODAO    4,00% ELASTANO   51,00% POLIESTER;77123-P-LILAS;10;P;77123LILAS.jpg;R$ 25,00
77123;Camisa Manga  Curta;CAMISA;Lilas; 45,00% ALGODAO    4,00% ELASTANO   51,00% POLIESTER;77123-M-LILAS;26;M;77123LILAS.jpg;R$ 25,00
77123;Camisa Manga  Curta;CAMISA;Lilas; 45,00% ALGODAO    4,00% ELASTANO   51,00% POLIESTER;77123-G-LILAS;22;G;77123LILAS.jpg;R$ 25,00
77123;Camisa Manga  Curta;CAMISA;Lilas; 45,00% ALGODAO    4,00% ELASTANO   51,00% POLIESTER;77123-GG-LILAS;11;GG;77123LILAS.jpg;R$ 25,00
70342;Colete;COLETE;Verde;100,00% POLIESTER;70342-M-VERDE;3;M;70342VERDE.jpg;R$ 25,00
84149;Calça Montaria Basica;MONTARIA;Preto; 10,00% ELASTANO   90,00% POLIESTER;84149-42-PRETO;2;42;84149PRETO.jpg;R$ 25,00
84149;Calça Montaria Basica;MONTARIA;Preto; 10,00% ELASTANO   90,00% POLIESTER;84149-44-PRETO;1;44;84149PRETO.jpg;R$ 25,00
84149;Calça Montaria Basica;MONTARIA;Preto; 10,00% ELASTANO   90,00% POLIESTER;84149-46-PRETO;1;46;84149PRETO.jpg;R$ 25,00
84151;Calça Montaria Basica Branca;MONTARIA;Branco;  5,00% ELASTANO   95,00% POLIESTER;84151-40-BRANCO;9;40;84151BRANCO.jpg;R$ 25,00
84151;Calça Montaria Basica Branca;MONTARIA;Branco;  5,00% ELASTANO   95,00% POLIESTER;84151-42-BRANCO;7;42;84151BRANCO.jpg;R$ 25,00
84151;Calça Montaria Basica Branca;MONTARIA;Branco;  5,00% ELASTANO   95,00% POLIESTER;84151-44-BRANCO;10;44;84151BRANCO.jpg;R$ 25,00
84151;Calça Montaria Basica Branca;MONTARIA;Branco;  5,00% ELASTANO   95,00% POLIESTER;84151-46-BRANCO;8;46;84151BRANCO.jpg;R$ 25,00
84151;Calça Montaria Basica Branca;MONTARIA;Branco;  5,00% ELASTANO   95,00% POLIESTER;84151-48-BRANCO;10;48;84151BRANCO.jpg;R$ 25,00
84104;Calça Pantacourt Canelada Com Amarração;PANTACOURT;Pink;  7,00% ELASTANO   93,00% POLIESTER;84104-40-PINK;2;40;84104PINK.jpg;R$ 25,00
84104;Calça Pantacourt Canelada Com Amarração;PANTACOURT;Verde Agua;  7,00% ELASTANO   93,00% POLIESTER;84104-38-VERDE AGUA;2;38;84104VERDE AGUA.jpg;R$ 25,00
84111;Pantacourt Malha Lisa;PANTACOURT;Marinho;  4,00% ELASTANO   96,00% VISCOSE;84111-38-MARINHO;5;38;84111MARINHO.jpg;R$ 25,00
84111;Pantacourt Malha Lisa;PANTACOURT;Marinho;  4,00% ELASTANO   96,00% VISCOSE;84111-40-MARINHO;1;40;84111MARINHO.jpg;R$ 25,00
84111;Pantacourt Malha Lisa;PANTACOURT;Pink;  4,00% ELASTANO   96,00% VISCOSE;84111-40-PINK;2;40;84111PINK.jpg;R$ 25,00
102251;Saia Em Crepe;SAIA;Vermelho;100,00% POLIESTER;102251-38-VERMELHO;3;38;102251VERMELHO.jpg;R$ 25,00
102251;Saia Em Crepe;SAIA;Vermelho;100,00% POLIESTER;102251-40-VERMELHO;4;40;102251VERMELHO.jpg;R$ 25,00
102435;Saia Bengaline Span Poliamida;SAIA;Azul Petroleo;  3,00% ELASTANO   23,00% POLIAMIDA   74,00% VISCOSE;102435-38-AZUL PETROLEO;1;38;102435AZUL PETROLEO.jpg;R$ 25,00
102435;Saia Bengaline Span Poliamida;SAIA;Azul Petroleo;  3,00% ELASTANO   23,00% POLIAMIDA   74,00% VISCOSE;102435-52-AZUL PETROLEO;1;52;102435AZUL PETROLEO.jpg;R$ 25,00
102435;Saia Bengaline Span Poliamida;SAIA;Marinho;  3,00% ELASTANO   23,00% POLIAMIDA   74,00% VISCOSE;102435-38-MARINHO;12;38;102435MARINHO.jpg;R$ 25,00
102435;Saia Bengaline Span Poliamida;SAIA;Marinho;  3,00% ELASTANO   23,00% POLIAMIDA   74,00% VISCOSE;102435-40-MARINHO;10;40;102435MARINHO.jpg;R$ 25,00
102435;Saia Bengaline Span Poliamida;SAIA;Marinho;  3,00% ELASTANO   23,00% POLIAMIDA   74,00% VISCOSE;102435-42-MARINHO;15;42;102435MARINHO.jpg;R$ 25,00
102435;Saia Bengaline Span Poliamida;SAIA;Rosa;  3,00% ELASTANO   23,00% POLIAMIDA   74,00% VISCOSE;102435-38-ROSA;1;38;102435ROSA.jpg;R$ 25,00
102435;Saia Bengaline Span Poliamida;SAIA;Rosa;  3,00% ELASTANO   23,00% POLIAMIDA   74,00% VISCOSE;102435-40-ROSA;1;40;102435ROSA.jpg;R$ 25,00
102435;Saia Bengaline Span Poliamida;SAIA;Rosa;  3,00% ELASTANO   23,00% POLIAMIDA   74,00% VISCOSE;102435-42-ROSA;1;42;102435ROSA.jpg;R$ 25,00
102435;Saia Bengaline Span Poliamida;SAIA;Caramelo;  3,00% ELASTANO   23,00% POLIAMIDA   74,00% VISCOSE;102435-52-CARAMELO;1;52;102435CARAMELO.jpg;R$ 25,00
102482;Saia Detalhes De Botões;SAIA;Indigo;  3,00% ELASTANO   19,00% POLIAMIDA   78,00% VISCOSE;102482-38-INDIGO;2;38;102482INDIGO.jpg;R$ 25,00
73103;Saia Malha Estampada;SAIA;Preto;  4,00% ELASTANO   96,00% VISCOSE;73103-36-PRETO;16;36;73103PRETO.jpg;R$ 25,00
73103;Saia Malha Estampada;SAIA;Preto;  4,00% ELASTANO   96,00% VISCOSE;73103-38-PRETO;6;38;73103PRETO.jpg;R$ 25,00
73103;Saia Malha Estampada;SAIA;Marinho;  4,00% ELASTANO   96,00% VISCOSE;73103-36-MARINHO;8;36;73103MARINHO.jpg;R$ 25,00
73103;Saia Malha Estampada;SAIA;Marinho;  4,00% ELASTANO   96,00% VISCOSE;73103-38-MARINHO;2;38;73103MARINHO.jpg;R$ 25,00
73104;Saia Malha Estampas Sortidas;SAIA;Preto;  4,50% ELASTANO   95,50% POLIESTER;73104-38-PRETO;5;38;73104PRETO.jpg;R$ 25,00
73104;Saia Malha Estampas Sortidas;SAIA;Preto;  4,50% ELASTANO   95,50% POLIESTER;73104-40-PRETO;2;40;73104PRETO.jpg;R$ 25,00
73104;Saia Malha Estampas Sortidas;SAIA;Preto;  4,50% ELASTANO   95,50% POLIESTER;73104-42-PRETO;2;42;73104PRETO.jpg;R$ 25,00
73104;Saia Malha Estampas Sortidas;SAIA;Marinho;  4,50% ELASTANO   95,50% POLIESTER;73104-48-MARINHO;1;48;73104MARINHO.jpg;R$ 25,00
73104;Saia Malha Estampas Sortidas;SAIA;Azul;  4,50% ELASTANO   95,50% POLIESTER;73104-38-AZUL;4;38;73104AZUL.jpg;R$ 25,00
73104;Saia Malha Estampas Sortidas;SAIA;Azul;  4,50% ELASTANO   95,50% POLIESTER;73104-40-AZUL;3;40;73104AZUL.jpg;R$ 25,00
73104;Saia Malha Estampas Sortidas;SAIA;Azul;  4,50% ELASTANO   95,50% POLIESTER;73104-42-AZUL;2;42;73104AZUL.jpg;R$ 25,00
73104;Saia Malha Estampas Sortidas;SAIA;Azul;  4,50% ELASTANO   95,50% POLIESTER;73104-44-AZUL;2;44;73104AZUL.jpg;R$ 25,00
73104;Saia Malha Estampas Sortidas;SAIA;Azul;  4,50% ELASTANO   95,50% POLIESTER;73104-48-AZUL;1;48;73104AZUL.jpg;R$ 25,00
73104;Saia Malha Estampas Sortidas;SAIA;Azul;  4,50% ELASTANO   95,50% POLIESTER;73104-50-AZUL;2;50;73104AZUL.jpg;R$ 25,00
73104;Saia Malha Estampas Sortidas;SAIA;Azul;  4,50% ELASTANO   95,50% POLIESTER;73104-52-AZUL;1;52;73104AZUL.jpg;R$ 25,00
73104;Saia Malha Estampas Sortidas;SAIA;Azul;  4,50% ELASTANO   95,50% POLIESTER;73104-54-AZUL;3;54;73104AZUL.jpg;R$ 25,00
73104;Saia Malha Estampas Sortidas;SAIA;Verde;  4,50% ELASTANO   95,50% POLIESTER;73104-54-VERDE;2;54;73104VERDE.jpg;R$ 25,00
73104;Saia Malha Estampas Sortidas;SAIA;Rosa;  4,50% ELASTANO   95,50% POLIESTER;73104-38-ROSA;1;38;73104ROSA.jpg;R$ 25,00
73104;Saia Malha Estampas Sortidas;SAIA;Rosa;  4,50% ELASTANO   95,50% POLIESTER;73104-44-ROSA;1;44;73104ROSA.jpg;R$ 25,00
73104;Saia Malha Estampas Sortidas;SAIA;Coral;  4,50% ELASTANO   95,50% POLIESTER;73104-38-CORAL;1;38;73104CORAL.jpg;R$ 25,00
73106;Saia Malha Lisa;SAIA;Preto; 76,00% ALGODÃO   24,00% POLIESTER;73106-38-PRETO;3;38;73106PRETO.jpg;R$ 25,00
73106;Saia Malha Lisa;SAIA;Preto; 76,00% ALGODÃO   24,00% POLIESTER;73106-40-PRETO;2;40;73106PRETO.jpg;R$ 25,00
73106;Saia Malha Lisa;SAIA;Preto; 76,00% ALGODÃO   24,00% POLIESTER;73106-48-PRETO;1;48;73106PRETO.jpg;R$ 25,00
73106;Saia Malha Lisa;SAIA;Preto; 76,00% ALGODÃO   24,00% POLIESTER;73106-50-PRETO;1;50;73106PRETO.jpg;R$ 25,00
73106;Saia Malha Lisa;SAIA;Salmao; 76,00% ALGODÃO   24,00% POLIESTER;73106-40-SALMAO;2;40;73106SALMAO.jpg;R$ 25,00
73106;Saia Malha Lisa;SAIA;Salmao; 76,00% ALGODÃO   24,00% POLIESTER;73106-42-SALMAO;1;42;73106SALMAO.jpg;R$ 25,00
73106;Saia Malha Lisa;SAIA;Salmao; 76,00% ALGODÃO   24,00% POLIESTER;73106-44-SALMAO;1;44;73106SALMAO.jpg;R$ 25,00
73106;Saia Malha Lisa;SAIA;Salmao; 76,00% ALGODÃO   24,00% POLIESTER;73106-46-SALMAO;1;46;73106SALMAO.jpg;R$ 25,00
73106;Saia Malha Lisa;SAIA;Salmao; 76,00% ALGODÃO   24,00% POLIESTER;73106-48-SALMAO;3;48;73106SALMAO.jpg;R$ 25,00
73106;Saia Malha Lisa;SAIA;Salmao; 76,00% ALGODÃO   24,00% POLIESTER;73106-50-SALMAO;2;50;73106SALMAO.jpg;R$ 25,00
73106;Saia Malha Lisa;SAIA;Salmao; 76,00% ALGODÃO   24,00% POLIESTER;73106-52-SALMAO;2;52;73106SALMAO.jpg;R$ 25,00
73106;Saia Malha Lisa;SAIA;Salmao; 76,00% ALGODÃO   24,00% POLIESTER;73106-54-SALMAO;1;54;73106SALMAO.jpg;R$ 25,00
73110;Saia Detalhe Croco Animal Print;SAIA;Preto;100,00% POLIESTER;73110-P-PRETO;7;P;73110PRETO.jpg;R$ 25,00
73110;Saia Detalhe Croco Animal Print;SAIA;Preto;100,00% POLIESTER;73110-M-PRETO;1;M;73110PRETO.jpg;R$ 25,00
73110;Saia Detalhe Croco Animal Print;SAIA;Preto;100,00% POLIESTER;73110-G-PRETO;2;G;73110PRETO.jpg;R$ 25,00
73110;Saia Detalhe Croco Animal Print;SAIA;Caramelo;100,00% POLIESTER;73110-P-CARAMELO;42;P;73110CARAMELO.jpg;R$ 25,00
73110;Saia Detalhe Croco Animal Print;SAIA;Caramelo;100,00% POLIESTER;73110-M-CARAMELO;74;M;73110CARAMELO.jpg;R$ 25,00
73110;Saia Detalhe Croco Animal Print;SAIA;Caramelo;100,00% POLIESTER;73110-G-CARAMELO;75;G;73110CARAMELO.jpg;R$ 25,00
73110;Saia Detalhe Croco Animal Print;SAIA;Caramelo;100,00% POLIESTER;73110-GG-CARAMELO;38;GG;73110CARAMELO.jpg;R$ 25,00
73111;Saia Recorte Tecido Acetinado Com Elastano;SAIA;Preto; 53,00% ALGODAO    4,00% ELASTANO   43,00% POLIAMIDA;73111-P-PRETO;8;P;73111PRETO.jpg;R$ 25,00
73111;Saia Recorte Tecido Acetinado Com Elastano;SAIA;Preto; 53,00% ALGODAO    4,00% ELASTANO   43,00% POLIAMIDA;73111-M-PRETO;40;M;73111PRETO.jpg;R$ 25,00
73111;Saia Recorte Tecido Acetinado Com Elastano;SAIA;Preto; 53,00% ALGODAO    4,00% ELASTANO   43,00% POLIAMIDA;73111-G-PRETO;48;G;73111PRETO.jpg;R$ 25,00
73111;Saia Recorte Tecido Acetinado Com Elastano;SAIA;Preto; 53,00% ALGODAO    4,00% ELASTANO   43,00% POLIAMIDA;73111-GG-PRETO;36;GG;73111PRETO.jpg;R$ 25,00
73111;Saia Recorte Tecido Acetinado Com Elastano;SAIA;Bege; 53,00% ALGODAO    4,00% ELASTANO   43,00% POLIAMIDA;73111-M-BEGE;1;M;73111BEGE.jpg;R$ 25,00
73111;Saia Recorte Tecido Acetinado Com Elastano;SAIA;Bege; 53,00% ALGODAO    4,00% ELASTANO   43,00% POLIAMIDA;73111-G-BEGE;3;G;73111BEGE.jpg;R$ 25,00
73111;Saia Recorte Tecido Acetinado Com Elastano;SAIA;Bege; 53,00% ALGODAO    4,00% ELASTANO   43,00% POLIAMIDA;73111-GG-BEGE;7;GG;73111BEGE.jpg;R$ 25,00
73111;Saia Recorte Tecido Acetinado Com Elastano;SAIA;Bege; 53,00% ALGODAO    4,00% ELASTANO   43,00% POLIAMIDA;73111-EX-BEGE;3;EX;73111BEGE.jpg;R$ 25,00
73111;Saia Recorte Tecido Acetinado Com Elastano;SAIA;Caqui; 53,00% ALGODAO    4,00% ELASTANO   43,00% POLIAMIDA;73111-P-CAQUI;12;P;73111CAQUI.jpg;R$ 25,00
73111;Saia Recorte Tecido Acetinado Com Elastano;SAIA;Caqui; 53,00% ALGODAO    4,00% ELASTANO   43,00% POLIAMIDA;73111-M-CAQUI;39;M;73111CAQUI.jpg;R$ 25,00
73111;Saia Recorte Tecido Acetinado Com Elastano;SAIA;Caqui; 53,00% ALGODAO    4,00% ELASTANO   43,00% POLIAMIDA;73111-G-CAQUI;41;G;73111CAQUI.jpg;R$ 25,00
73111;Saia Recorte Tecido Acetinado Com Elastano;SAIA;Caqui; 53,00% ALGODAO    4,00% ELASTANO   43,00% POLIAMIDA;73111-GG-CAQUI;43;GG;73111CAQUI.jpg;R$ 25,00
73111;Saia Recorte Tecido Acetinado Com Elastano;SAIA;Caqui; 53,00% ALGODAO    4,00% ELASTANO   43,00% POLIAMIDA;73111-EG-CAQUI;12;EG;73111CAQUI.jpg;R$ 25,00
73111;Saia Recorte Tecido Acetinado Com Elastano;SAIA;Caqui; 53,00% ALGODAO    4,00% ELASTANO   43,00% POLIAMIDA;73111-EX-CAQUI;18;EX;73111CAQUI.jpg;R$ 25,00
73111;Saia Recorte Tecido Acetinado Com Elastano;SAIA;Marinho; 53,00% ALGODAO    4,00% ELASTANO   43,00% POLIAMIDA;73111-G-MARINHO;4;G;73111MARINHO.jpg;R$ 25,00
73111;Saia Recorte Tecido Acetinado Com Elastano;SAIA;Marinho; 53,00% ALGODAO    4,00% ELASTANO   43,00% POLIAMIDA;73111-EX-MARINHO;1;EX;73111MARINHO.jpg;R$ 25,00
73112;Saia;SAIA;Off White;100,00% POLIESTER;73112-38-OFF WHITE;14;38;73112OFF WHITE.jpg;R$ 25,00
73112;Saia;SAIA;Off White;100,00% POLIESTER;73112-40-OFF WHITE;26;40;73112OFF WHITE.jpg;R$ 25,00
73112;Saia;SAIA;Off White;100,00% POLIESTER;73112-42-OFF WHITE;18;42;73112OFF WHITE.jpg;R$ 25,00
73112;Saia;SAIA;Off White;100,00% POLIESTER;73112-44-OFF WHITE;2;44;73112OFF WHITE.jpg;R$ 25,00
73112;Saia;SAIA;Off White;100,00% POLIESTER;73112-48-OFF WHITE;4;48;73112OFF WHITE.jpg;R$ 25,00
73112;Saia;SAIA;Off White;100,00% POLIESTER;73112-52-OFF WHITE;3;52;73112OFF WHITE.jpg;R$ 25,00
73112;Saia;SAIA;Off White;100,00% POLIESTER;73112-54-OFF WHITE;6;54;73112OFF WHITE.jpg;R$ 25,00
73112;Saia;SAIA;Coral;100,00% POLIESTER;73112-38-CORAL;6;38;73112CORAL.jpg;R$ 25,00
73112;Saia;SAIA;Coral;100,00% POLIESTER;73112-40-CORAL;11;40;73112CORAL.jpg;R$ 25,00
73112;Saia;SAIA;Coral;100,00% POLIESTER;73112-42-CORAL;11;42;73112CORAL.jpg;R$ 25,00
73112;Saia;SAIA;Coral;100,00% POLIESTER;73112-44-CORAL;6;44;73112CORAL.jpg;R$ 25,00
73112;Saia;SAIA;Coral;100,00% POLIESTER;73112-46-CORAL;1;46;73112CORAL.jpg;R$ 25,00
73112;Saia;SAIA;Coral;100,00% POLIESTER;73112-52-CORAL;2;52;73112CORAL.jpg;R$ 25,00
73112;Saia;SAIA;Coral;100,00% POLIESTER;73112-54-CORAL;1;54;73112CORAL.jpg;R$ 25,00
73113;Saia Curta Com Barra Assimetrica E Ziper Atras;SAIA;Turquesa;  5,00% ELASTANO   40,00% POLIAMIDA   55,00% POLIESTER;73113-38-TURQUESA;23;38;73113TURQUESA.jpg;R$ 25,00
73113;Saia Curta Com Barra Assimetrica E Ziper Atras;SAIA;Turquesa;  5,00% ELASTANO   40,00% POLIAMIDA   55,00% POLIESTER;73113-40-TURQUESA;48;40;73113TURQUESA.jpg;R$ 25,00
73113;Saia Curta Com Barra Assimetrica E Ziper Atras;SAIA;Turquesa;  5,00% ELASTANO   40,00% POLIAMIDA   55,00% POLIESTER;73113-42-TURQUESA;47;42;73113TURQUESA.jpg;R$ 25,00
73113;Saia Curta Com Barra Assimetrica E Ziper Atras;SAIA;Turquesa;  5,00% ELASTANO   40,00% POLIAMIDA   55,00% POLIESTER;73113-44-TURQUESA;23;44;73113TURQUESA.jpg;R$ 25,00
73113;Saia Curta Com Barra Assimetrica E Ziper Atras;SAIA;Turquesa;  5,00% ELASTANO   40,00% POLIAMIDA   55,00% POLIESTER;73113-46-TURQUESA;4;46;73113TURQUESA.jpg;R$ 25,00
73113;Saia Curta Com Barra Assimetrica E Ziper Atras;SAIA;Turquesa;  5,00% ELASTANO   40,00% POLIAMIDA   55,00% POLIESTER;73113-48-TURQUESA;9;48;73113TURQUESA.jpg;R$ 25,00
73113;Saia Curta Com Barra Assimetrica E Ziper Atras;SAIA;Lima;  5,00% ELASTANO   40,00% POLIAMIDA   55,00% POLIESTER;73113-38-LIMA;18;38;73113LIMA.jpg;R$ 25,00
73113;Saia Curta Com Barra Assimetrica E Ziper Atras;SAIA;Lima;  5,00% ELASTANO   40,00% POLIAMIDA   55,00% POLIESTER;73113-40-LIMA;44;40;73113LIMA.jpg;R$ 25,00
73113;Saia Curta Com Barra Assimetrica E Ziper Atras;SAIA;Lima;  5,00% ELASTANO   40,00% POLIAMIDA   55,00% POLIESTER;73113-42-LIMA;43;42;73113LIMA.jpg;R$ 25,00
73113;Saia Curta Com Barra Assimetrica E Ziper Atras;SAIA;Lima;  5,00% ELASTANO   40,00% POLIAMIDA   55,00% POLIESTER;73113-44-LIMA;18;44;73113LIMA.jpg;R$ 25,00
73113;Saia Curta Com Barra Assimetrica E Ziper Atras;SAIA;Lima;  5,00% ELASTANO   40,00% POLIAMIDA   55,00% POLIESTER;73113-46-LIMA;4;46;73113LIMA.jpg;R$ 25,00
73113;Saia Curta Com Barra Assimetrica E Ziper Atras;SAIA;Lima;  5,00% ELASTANO   40,00% POLIAMIDA   55,00% POLIESTER;73113-48-LIMA;9;48;73113LIMA.jpg;R$ 25,00
73113;Saia Curta Com Barra Assimetrica E Ziper Atras;SAIA;Rosa;  5,00% ELASTANO   40,00% POLIAMIDA   55,00% POLIESTER;73113-38-ROSA;29;38;73113ROSA.jpg;R$ 25,00
73113;Saia Curta Com Barra Assimetrica E Ziper Atras;SAIA;Rosa;  5,00% ELASTANO   40,00% POLIAMIDA   55,00% POLIESTER;73113-40-ROSA;55;40;73113ROSA.jpg;R$ 25,00
73113;Saia Curta Com Barra Assimetrica E Ziper Atras;SAIA;Rosa;  5,00% ELASTANO   40,00% POLIAMIDA   55,00% POLIESTER;73113-42-ROSA;52;42;73113ROSA.jpg;R$ 25,00
73113;Saia Curta Com Barra Assimetrica E Ziper Atras;SAIA;Rosa;  5,00% ELASTANO   40,00% POLIAMIDA   55,00% POLIESTER;73113-44-ROSA;24;44;73113ROSA.jpg;R$ 25,00
73113;Saia Curta Com Barra Assimetrica E Ziper Atras;SAIA;Rosa;  5,00% ELASTANO   40,00% POLIAMIDA   55,00% POLIESTER;73113-46-ROSA;6;46;73113ROSA.jpg;R$ 25,00
73113;Saia Curta Com Barra Assimetrica E Ziper Atras;SAIA;Rosa;  5,00% ELASTANO   40,00% POLIAMIDA   55,00% POLIESTER;73113-48-ROSA;6;48;73113ROSA.jpg;R$ 25,00
75120;Short;SHORT;Preto; 97,00% ALGODAO    3,00% ELASTANO;75120-38-PRETO;3;38;75120PRETO.jpg;R$ 25,00
75120;Short;SHORT;Preto; 97,00% ALGODAO    3,00% ELASTANO;75120-40-PRETO;2;40;75120PRETO.jpg;R$ 25,00
75120;Short;SHORT;Nude; 97,00% ALGODAO    3,00% ELASTANO;75120-36-NUDE;1;36;75120NUDE.jpg;R$ 25,00
75120;Short;SHORT;Nude; 97,00% ALGODAO    3,00% ELASTANO;75120-38-NUDE;11;38;75120NUDE.jpg;R$ 25,00
75120;Short;SHORT;Nude; 97,00% ALGODAO    3,00% ELASTANO;75120-40-NUDE;12;40;75120NUDE.jpg;R$ 25,00
75120;Short;SHORT;Nude; 97,00% ALGODAO    3,00% ELASTANO;75120-42-NUDE;2;42;75120NUDE.jpg;R$ 25,00
75120;Short;SHORT;Caramelo; 97,00% ALGODAO    3,00% ELASTANO;75120-36-CARAMELO;4;36;75120CARAMELO.jpg;R$ 25,00
75120;Short;SHORT;Caramelo; 97,00% ALGODAO    3,00% ELASTANO;75120-38-CARAMELO;3;38;75120CARAMELO.jpg;R$ 25,00
75120;Short;SHORT;Caramelo; 97,00% ALGODAO    3,00% ELASTANO;75120-40-CARAMELO;19;40;75120CARAMELO.jpg;R$ 25,00
75120;Short;SHORT;Caramelo; 97,00% ALGODAO    3,00% ELASTANO;75120-42-CARAMELO;15;42;75120CARAMELO.jpg;R$ 25,00
75129;Short Plano Renda;SHORT;Pink;100,00% POLIAMIDA;75129-36-PINK;2;36;75129PINK.jpg;R$ 25,00
75129;Short Plano Renda;SHORT;Pink;100,00% POLIAMIDA;75129-38-PINK;8;38;75129PINK.jpg;R$ 25,00
75129;Short Plano Renda;SHORT;Pink;100,00% POLIAMIDA;75129-40-PINK;5;40;75129PINK.jpg;R$ 25,00
75129;Short Plano Renda;SHORT;Pink;100,00% POLIAMIDA;75129-42-PINK;5;42;75129PINK.jpg;R$ 25,00
75130;Short;SHORT;Preto; 42,00% ALGODAO    3,00% ELASTANO   55,00% POLIESTER;75130-40-PRETO;7;40;75130PRETO.jpg;R$ 25,00
75130;Short;SHORT;Preto; 42,00% ALGODAO    3,00% ELASTANO   55,00% POLIESTER;75130-42-PRETO;3;42;75130PRETO.jpg;R$ 25,00
75131;Short;SHORT;Preto; 97,00% ALGODAO    3,00% ELASTANO;75131-34-PRETO;1;34;75131PRETO.jpg;R$ 25,00
75131;Short;SHORT;Preto; 97,00% ALGODAO    3,00% ELASTANO;75131-38-PRETO;43;38;75131PRETO.jpg;R$ 25,00
75131;Short;SHORT;Preto; 97,00% ALGODAO    3,00% ELASTANO;75131-40-PRETO;44;40;75131PRETO.jpg;R$ 25,00
75131;Short;SHORT;Preto; 97,00% ALGODAO    3,00% ELASTANO;75131-42-PRETO;7;42;75131PRETO.jpg;R$ 25,00
75131;Short;SHORT;Bege; 97,00% ALGODAO    3,00% ELASTANO;75131-38-BEGE;25;38;75131BEGE.jpg;R$ 25,00
75131;Short;SHORT;Bege; 97,00% ALGODAO    3,00% ELASTANO;75131-40-BEGE;23;40;75131BEGE.jpg;R$ 25,00
75131;Short;SHORT;Bege; 97,00% ALGODAO    3,00% ELASTANO;75131-42-BEGE;2;42;75131BEGE.jpg;R$ 25,00
75131;Short;SHORT;Cinza; 97,00% ALGODAO    3,00% ELASTANO;75131-38-CINZA;37;38;75131CINZA.jpg;R$ 25,00
75131;Short;SHORT;Cinza; 97,00% ALGODAO    3,00% ELASTANO;75131-40-CINZA;22;40;75131CINZA.jpg;R$ 25,00
75131;Short;SHORT;Cinza; 97,00% ALGODAO    3,00% ELASTANO;75131-42-CINZA;6;42;75131CINZA.jpg;R$ 25,00
75132;Short Saia;SHORT;Verde Agua;  6,00% ELASTANO   94,00% VISCOSE;75132-38-VERDE AGUA;2;38;75132VERDE AGUA.jpg;R$ 25,00
75134;Short 1/2 Coxa;SHORT;Preto; 95,00% ALGODAO    5,00% ELASTANO;75134-38-PRETO;16;38;75134PRETO.jpg;R$ 25,00
75134;Short 1/2 Coxa;SHORT;Preto; 95,00% ALGODAO    5,00% ELASTANO;75134-40-PRETO;53;40;75134PRETO.jpg;R$ 25,00
75134;Short 1/2 Coxa;SHORT;Preto; 95,00% ALGODAO    5,00% ELASTANO;75134-42-PRETO;42;42;75134PRETO.jpg;R$ 25,00
75134;Short 1/2 Coxa;SHORT;Preto; 95,00% ALGODAO    5,00% ELASTANO;75134-44-PRETO;45;44;75134PRETO.jpg;R$ 25,00
75134;Short 1/2 Coxa;SHORT;Preto; 95,00% ALGODAO    5,00% ELASTANO;75134-46-PRETO;4;46;75134PRETO.jpg;R$ 25,00
75134;Short 1/2 Coxa;SHORT;Preto; 95,00% ALGODAO    5,00% ELASTANO;75134-54-PRETO;1;54;75134PRETO.jpg;R$ 25,00
75134;Short 1/2 Coxa;SHORT;Azul; 95,00% ALGODAO    5,00% ELASTANO;75134-38-AZUL;3;38;75134AZUL.jpg;R$ 25,00
75134;Short 1/2 Coxa;SHORT;Azul; 95,00% ALGODAO    5,00% ELASTANO;75134-40-AZUL;50;40;75134AZUL.jpg;R$ 25,00
75134;Short 1/2 Coxa;SHORT;Azul; 95,00% ALGODAO    5,00% ELASTANO;75134-42-AZUL;49;42;75134AZUL.jpg;R$ 25,00
75134;Short 1/2 Coxa;SHORT;Azul; 95,00% ALGODAO    5,00% ELASTANO;75134-44-AZUL;39;44;75134AZUL.jpg;R$ 25,00
75134;Short 1/2 Coxa;SHORT;Azul; 95,00% ALGODAO    5,00% ELASTANO;75134-46-AZUL;3;46;75134AZUL.jpg;R$ 25,00
75134;Short 1/2 Coxa;SHORT;Azul; 95,00% ALGODAO    5,00% ELASTANO;75134-54-AZUL;1;54;75134AZUL.jpg;R$ 25,00
75136;Short Saia C/ 3 Botões Encapados;SHORT;Coral; 42,00% ALGODAO    3,00% ELASTANO   55,00% POLIESTER;75136-38-CORAL;2;38;75136CORAL.jpg;R$ 25,00
75145;Short;SHORT;Azul;100,00% POLIESTER;75145-38-AZUL;15;38;75145AZUL.jpg;R$ 25,00
75145;Short;SHORT;Azul;100,00% POLIESTER;75145-40-AZUL;28;40;75145AZUL.jpg;R$ 25,00
75145;Short;SHORT;Azul;100,00% POLIESTER;75145-42-AZUL;25;42;75145AZUL.jpg;R$ 25,00
75145;Short;SHORT;Rosa;100,00% POLIESTER;75145-38-ROSA;2;38;75145ROSA.jpg;R$ 25,00
75145;Short;SHORT;Rosa;100,00% POLIESTER;75145-40-ROSA;28;40;75145ROSA.jpg;R$ 25,00
75145;Short;SHORT;Rosa;100,00% POLIESTER;75145-42-ROSA;14;42;75145ROSA.jpg;R$ 25,00
75145;Short;SHORT;Rosa;100,00% POLIESTER;75145-44-ROSA;2;44;75145ROSA.jpg;R$ 25,00
72136;Vestido Malha Estampado;VESTIDO;Pink;100,00% POLIESTER;72136-M-PINK;3;M;72136PINK.jpg;R$ 25,00
72159;Vestido Manga Curta Malha Liso;VESTIDO;Marinho;  4,00% ELASTANO   96,00% POLIESTER;72159-PP-MARINHO;3;PP;72159MARINHO.jpg;R$ 25,00
82126;Vestido Manga Malha Liso;VESTIDO;Preto;  2,00% ELASTANO   63,00% POLIESTER   35,00% VISCOSE;82126-PP-PRETO;4;PP;82126PRETO.jpg;R$ 25,00
82126;Vestido Manga Malha Liso;VESTIDO;Preto;  2,00% ELASTANO   63,00% POLIESTER   35,00% VISCOSE;82126-P-PRETO;6;P;82126PRETO.jpg;R$ 25,00
82126;Vestido Manga Malha Liso;VESTIDO;Bordo;  2,00% ELASTANO   63,00% POLIESTER   35,00% VISCOSE;82126-PP-BORDO;1;PP;82126BORDO.jpg;R$ 25,00
82126;Vestido Manga Malha Liso;VESTIDO;Bordo;  2,00% ELASTANO   63,00% POLIESTER   35,00% VISCOSE;82126-P-BORDO;5;P;82126BORDO.jpg;R$ 25,00
82126;Vestido Manga Malha Liso;VESTIDO;Royal;  2,00% ELASTANO   63,00% POLIESTER   35,00% VISCOSE;82126-P-ROYAL;1;P;82126ROYAL.jpg;R$ 25,00
